Feature,Target,Pearson_Corr,Spearman_Corr,Abs_Pearson,Abs_Spearman,Avg_Abs_Corr
QuantityVolatility,ProfitMargin,0.007314778921783051,0.042698712752979005,0.007314778921783051,0.042698712752979005,0.02500674583738103
QuantityVolatility,TotalRevenue,0.1128893996770102,0.46751534027989605,0.1128893996770102,0.46751534027989605,0.2902023699784531
QuantityVolatility,CustomerID_nunique,0.2901704970221091,0.47513204545150195,0.2901704970221091,0.47513204545150195,0.38265127123680553
QuantityVolatility,SalesQty_sum,0.04819358969976693,0.542139080746377,0.04819358969976693,0.542139080746377,0.29516633522307195
QuantityVolatility,TotalProfit,0.04906342429025093,0.44926964774346523,0.04906342429025093,0.44926964774346523,0.24916653601685806
ExtPrice_sum,ProfitMargin,-0.00010760648646668768,-0.13524229792068845,0.00010760648646668768,0.13524229792068845,0.06767495220357757
ExtPrice_sum,TotalRevenue,1.0,1.0,1.0,1.0,1.0
ExtPrice_sum,CustomerID_nunique,0.0808829893850668,0.27374632077394184,0.0808829893850668,0.27374632077394184,0.17731465507950434
ExtPrice_sum,SalesQty_sum,0.3791686310360361,0.5680929805708631,0.3791686310360361,0.5680929805708631,0.47363080580344963
ExtPrice_sum,TotalProfit,0.42659319262922724,0.9208384545686369,0.42659319262922724,0.9208384545686369,0.673715823598932
ExtPrice_median,ProfitMargin,-0.000824985078833288,-0.1928312684898206,0.000824985078833288,0.1928312684898206,0.09682812678432695
ExtPrice_median,TotalRevenue,0.1518821520324582,0.6551089084315969,0.1518821520324582,0.6551089084315969,0.40349553023202755
ExtPrice_median,CustomerID_nunique,-0.028167302457716054,-0.11751496423927017,0.028167302457716054,0.11751496423927017,0.07284113334849311
ExtPrice_median,SalesQty_sum,0.009443082969614824,0.07932751148000533,0.009443082969614824,0.07932751148000533,0.04438529722481008
ExtPrice_median,TotalProfit,0.06182021273719608,0.5833844458992167,0.06182021273719608,0.5833844458992167,0.32260232931820637
UnitPrice_max_y,ProfitMargin,-0.0011978825171787449,-0.25049161356058225,0.0011978825171787449,0.25049161356058225,0.1258447480388805
UnitPrice_max_y,TotalRevenue,0.05887628307617876,0.21093547985567004,0.05887628307617876,0.21093547985567004,0.13490588146592442
UnitPrice_max_y,CustomerID_nunique,0.00709181479480237,-0.09976889481474994,0.00709181479480237,0.09976889481474994,0.053430354804776155
UnitPrice_max_y,SalesQty_sum,0.001015470773581623,-0.5854029802067705,0.001015470773581623,0.5854029802067705,0.2932092254901761
UnitPrice_max_y,TotalProfit,0.012972194284910216,0.18038714524323518,0.012972194284910216,0.18038714524323518,0.0966796697640727
QuoteVersion_max,ProfitMargin,0.007261153556077754,0.002870430435850551,0.007261153556077754,0.002870430435850551,0.005065791995964153
QuoteVersion_max,TotalRevenue,0.09492713968011449,0.3978069083006449,0.09492713968011449,0.3978069083006449,0.24636702399037969
QuoteVersion_max,CustomerID_nunique,0.17161408516404597,0.289172856805226,0.17161408516404597,0.289172856805226,0.23039347098463597
QuoteVersion_max,SalesQty_sum,0.03168922890374686,0.37680895536718206,0.03168922890374686,0.37680895536718206,0.20424909213546447
QuoteVersion_max,TotalProfit,0.04211609611745143,0.37909603215679966,0.04211609611745143,0.37909603215679966,0.21060606413712554
QuoteQty_std,ProfitMargin,-0.007175352974248806,0.10302068299259065,0.007175352974248806,0.10302068299259065,0.05509801798341973
QuoteQty_std,TotalRevenue,0.1259898106099353,0.5095840765157178,0.1259898106099353,0.5095840765157178,0.31778694356282655
QuoteQty_std,CustomerID_nunique,0.023255351683070604,0.3745012269887198,0.023255351683070604,0.3745012269887198,0.1988782893358952
QuoteQty_std,SalesQty_sum,0.29016220362543105,0.8019481000741109,0.29016220362543105,0.8019481000741109,0.5460551518497709
QuoteQty_std,TotalProfit,0.05667982083945512,0.48651183088815464,0.05667982083945512,0.48651183088815464,0.2715958258638049
PriceVolatility,ProfitMargin,0.004886163559043826,0.09625160532099296,0.004886163559043826,0.09625160532099296,0.05056888444001839
PriceVolatility,TotalRevenue,0.15268623084577404,0.401952274759441,0.15268623084577404,0.401952274759441,0.2773192528026075
PriceVolatility,CustomerID_nunique,0.2277466322201642,0.5006122066499368,0.2277466322201642,0.5006122066499368,0.3641794194350505
PriceVolatility,SalesQty_sum,0.1463251719028812,0.4499652426817436,0.1463251719028812,0.4499652426817436,0.2981452072923124
PriceVolatility,TotalProfit,0.07366717267438262,0.39234781272617164,0.07366717267438262,0.39234781272617164,0.23300749270027712
AvgDaysBetweenOrders,ProfitMargin,0.010258202673728876,0.06192961685163393,0.010258202673728876,0.06192961685163393,0.036093909762681405
AvgDaysBetweenOrders,TotalRevenue,-0.0659059527977675,0.22708562518268924,0.0659059527977675,0.22708562518268924,0.14649578899022836
AvgDaysBetweenOrders,CustomerID_nunique,-0.019913443136614264,0.3323396307807632,0.019913443136614264,0.3323396307807632,0.1761265369586887
AvgDaysBetweenOrders,SalesQty_sum,-0.029500767802914454,0.2828381419365085,0.029500767802914454,0.2828381419365085,0.15616945486971148
AvgDaysBetweenOrders,TotalProfit,-0.029237983657606405,0.22047294932855033,0.029237983657606405,0.22047294932855033,0.12485546649307837
SalesFrequency,ProfitMargin,-0.013127099259111359,-0.06270575871073165,0.013127099259111359,0.06270575871073165,0.03791642898492151
SalesFrequency,TotalRevenue,0.004465747489747364,-0.219595714505438,0.004465747489747364,0.219595714505438,0.11203073099759268
SalesFrequency,CustomerID_nunique,-0.1792690355427307,-0.32882830954637754,0.1792690355427307,0.32882830954637754,0.2540486725445541
SalesFrequency,SalesQty_sum,0.02651553611054039,-0.27600887641109095,0.02651553611054039,0.27600887641109095,0.15126220626081566
SalesFrequency,TotalProfit,-0.0001261828123983154,-0.21322423298370924,0.0001261828123983154,0.21322423298370924,0.10667520789805378
CustomerPenetration,ProfitMargin,0.009632710025145862,0.07707915557565545,0.009632710025145862,0.07707915557565545,0.043355932800400655
CustomerPenetration,TotalRevenue,0.08088298938506715,0.27374632077394184,0.08088298938506715,0.27374632077394184,0.1773146550795045
CustomerPenetration,CustomerID_nunique,1.0,0.9999999999999998,1.0,0.9999999999999998,0.9999999999999999
CustomerPenetration,SalesQty_sum,0.04490195514395026,0.3156608452688801,0.04490195514395026,0.3156608452688801,0.1802814002064152
CustomerPenetration,TotalProfit,0.038760488618702,0.2662374063201753,0.038760488618702,0.2662374063201753,0.15249894746943865
UnitsPerCustomer,ProfitMargin,-0.0012805785656782595,0.1105628646994977,0.0012805785656782595,0.1105628646994977,0.05592172163258798
UnitsPerCustomer,TotalRevenue,0.268732711821583,0.5305144690756609,0.268732711821583,0.5305144690756609,0.39962359044862195
UnitsPerCustomer,CustomerID_nunique,0.00943815414496436,0.14685214241811567,0.00943815414496436,0.14685214241811567,0.07814514828154001
UnitsPerCustomer,SalesQty_sum,0.8362328035169789,0.9800157225115215,0.8362328035169789,0.9800157225115215,0.9081242630142502
UnitsPerCustomer,TotalProfit,0.13499012546696973,0.5036263111491536,0.13499012546696973,0.5036263111491536,0.31930821830806166
ExtPrice_max,ProfitMargin,0.0022440771300817623,-0.16535884216542313,0.0022440771300817623,0.16535884216542313,0.08380145964775244
ExtPrice_max,TotalRevenue,0.3109460435696243,0.8707121780045354,0.3109460435696243,0.8707121780045354,0.5908291107870798
ExtPrice_max,CustomerID_nunique,0.0171672238805146,0.11660548961533759,0.0171672238805146,0.11660548961533759,0.06688635674792609
ExtPrice_max,SalesQty_sum,0.03713050890423491,0.3399891531468118,0.03713050890423491,0.3399891531468118,0.18855983102552334
ExtPrice_max,TotalProfit,0.210046764349911,0.7907448345228311,0.210046764349911,0.7907448345228311,0.500395799436371
SalesQty_mean,ProfitMargin,-0.023267376395469608,0.17700357323278204,0.023267376395469608,0.17700357323278204,0.10013547481412582
SalesQty_mean,TotalRevenue,0.08886982433874867,0.28626472077356596,0.08886982433874867,0.28626472077356596,0.18756727255615732
SalesQty_mean,CustomerID_nunique,0.002420617006639487,0.12261404130262644,0.002420617006639487,0.12261404130262644,0.06251732915463297
SalesQty_mean,SalesQty_sum,0.2742940850181467,0.8733801578386924,0.2742940850181467,0.8733801578386924,0.5738371214284196
SalesQty_mean,TotalProfit,0.041320701055630425,0.2765874812240985,0.041320701055630425,0.2765874812240985,0.15895409113986445
OrderNumber_nunique,ProfitMargin,0.0018713214158437147,0.001179802112173223,0.0018713214158437147,0.001179802112173223,0.0015255617640084688
OrderNumber_nunique,TotalRevenue,0.5119470082559109,0.7071465311966132,0.5119470082559109,0.7071465311966132,0.609546769726262
OrderNumber_nunique,CustomerID_nunique,0.17084645263999101,0.4844091562885527,0.17084645263999101,0.4844091562885527,0.32762780446427187
OrderNumber_nunique,SalesQty_sum,0.2898389144475974,0.6735739223865354,0.2898389144475974,0.6735739223865354,0.4817064184170664
OrderNumber_nunique,TotalProfit,0.21856311744385465,0.6785061480550659,0.21856311744385465,0.6785061480550659,0.44853463274946026
UnitCost_std,ProfitMargin,-0.01210205258690998,-0.07040534584138049,0.01210205258690998,0.07040534584138049,0.041253699214145234
UnitCost_std,TotalRevenue,0.03548224252487639,0.514022184299136,0.03548224252487639,0.514022184299136,0.27475221341200623
UnitCost_std,CustomerID_nunique,0.01059461461317834,0.29776291578470987,0.01059461461317834,0.29776291578470987,0.1541787651989441
UnitCost_std,SalesQty_sum,-0.00023238244678990526,0.3318526076347769,0.00023238244678990526,0.3318526076347769,0.16604249504078342
UnitCost_std,TotalProfit,-0.018741319015178958,0.47561447513911853,0.018741319015178958,0.47561447513911853,0.24717789707714874
QuoteConversionRate,ProfitMargin,0.0012513074869810775,-0.0053746572158559335,0.0012513074869810775,0.0053746572158559335,0.0033129823514185053
QuoteConversionRate,TotalRevenue,-0.028166757266043896,-0.11697967859579839,0.028166757266043896,0.11697967859579839,0.07257321793092114
QuoteConversionRate,CustomerID_nunique,-0.05147184168791281,-0.08548718684180287,0.05147184168791281,0.08548718684180287,0.06847951426485784
QuoteConversionRate,SalesQty_sum,-0.009654554414451753,-0.10696797785379425,0.009654554414451753,0.10696797785379425,0.058311266134123005
QuoteConversionRate,TotalProfit,-0.011341140923660085,-0.1133971777725652,0.011341140923660085,0.1133971777725652,0.06236915934811264
ExtCost_std,ProfitMargin,-0.8307152208784704,-0.10550103198404642,0.8307152208784704,0.10550103198404642,0.46810812643125843
ExtCost_std,TotalRevenue,0.0476851226979556,0.7209635569877525,0.0476851226979556,0.7209635569877525,0.384324339842854
ExtCost_std,CustomerID_nunique,-0.0001714710982650145,0.3517472426756897,0.0001714710982650145,0.3517472426756897,0.17595935688697736
ExtCost_std,SalesQty_sum,0.00370255024822851,0.5498428655047495,0.00370255024822851,0.5498428655047495,0.276772707876489
ExtCost_std,TotalProfit,-0.8453404082554801,0.6557597921432271,0.8453404082554801,0.6557597921432271,0.7505501001993535
